customer_id,satisfaction_score,purchase_amount,purchase_frequency,customer_age,income,service_speed,service_courtesy,service_knowledge,service_responsiveness,satisfaction_t1,satisfaction_t2,web_traffic,conversion_rate,exp_checkout_efficiency,exp_product_availability,exp_staff_availability,exp_issue_resolution,exp_store_navigation,exp_price_transparency,exp_loyalty_value,exp_online_usability,exp_mobile_experience,exp_delivery_reliability,exp_return_process,exp_service_followup,exp_personalized_offers,exp_brand_trust,exp_overall_enjoyment
1,7,235.44,10,58.0,47170.37,4,5,7,5,6,3,1138,0.14,7,3,2,5,6,6,6,1,5,1,4,1,7,6,4
2,4,11.97,10,31.0,68638.45,6,2,7,2,6,6,1815,0.062,1,7,3,4,2,6,7,2,2,6,5,7,5,2,7
3,5,296.64,12,47.0,76008.19,7,3,2,1,4,3,613,0.152,5,2,4,7,5,1,7,6,7,5,1,5,7,1,6
4,7,148.91,9,58.0,75085.83,5,7,4,2,6,4,1722,0.19,6,3,5,1,5,2,1,3,5,5,5,7,4,2,2
5,3,321.04,11,21.0,83778.27,3,6,4,7,3,3,512,0.136,4,6,2,7,7,2,5,5,3,3,5,7,7,3,5
6,5,184.88,12,21.0,74166.08,6,2,7,7,5,6,1794,0.069,6,7,4,7,2,1,3,6,5,6,6,3,6,7,7
7,5,162.55,13,45.0,67028.96,4,7,4,4,2,7,2124,0.137,7,1,3,2,2,7,6,3,4,3,3,6,2,3,3
8,7,70.88,13,25.0,81403.0,4,3,7,3,7,6,1738,0.165,6,3,2,1,2,2,3,7,6,3,1,6,6,1,1
9,2,123.45,4,19.0,59469.57,7,5,7,2,6,1,943,0.111,5,3,6,5,7,7,1,7,1,1,4,4,5,6,5
10,3,242.23,10,58.0,42362.51,1,4,1,6,5,4,2313,0.182,1,2,2,6,2,4,6,6,7,2,2,7,4,5,7
11,7,69.21,5,63.0,56738.66,7,5,6,7,6,7,2035,0.147,1,7,4,7,1,6,6,2,4,5,4,6,7,4,5
12,3,0.94,8,39.0,45101.95,3,7,1,3,1,1,946,0.185,1,1,2,1,7,5,5,5,7,5,5,5,3,4,5
13,3,114.25,12,58.0,46496.43,6,1,2,1,2,4,1485,0.144,1,4,6,7,5,7,3,5,6,2,1,2,1,3,5
14,5,284.0,11,33.0,57109.63,6,3,6,5,1,7,1492,0.07,7,4,5,2,1,7,3,7,4,5,7,5,7,2,7
15,4,378.13,11,46.0,44151.6,2,7,3,5,2,3,1214,0.096,3,5,5,3,7,7,3,3,7,2,1,1,2,7,1
16,3,132.26,9,66.0,53840.77,1,1,2,7,5,7,573,0.08,5,3,4,1,4,3,5,6,3,6,1,6,1,2,4
17,6,45.12,9,65.0,22127.71,1,1,5,3,4,6,1036,0.186,2,3,3,4,4,2,6,2,1,1,3,6,3,6,6
18,5,165.69,18,47.0,64265.87,6,6,1,7,6,1,600,0.164,5,1,4,3,5,2,1,1,4,1,4,4,5,5,2
19,2,218.39,5,29.0,60024.11,6,2,4,5,6,3,675,0.151,3,6,5,7,4,3,3,5,3,7,3,7,5,2,7
20,4,257.79,9,52.0,43658.23,5,6,1,2,3,6,926,0.095,1,4,1,4,2,2,4,1,1,1,7,2,3,4,5
21,6,413.46,12,28.0,73184.91,5,3,4,3,7,4,1640,0.078,3,5,1,4,7,3,5,2,2,2,7,6,6,7,2
22,6,222.68,17,63.0,78751.4,5,1,6,4,1,7,1689,0.163,4,1,2,4,1,7,2,7,3,7,6,4,3,2,7
23,2,365.55,17,67.0,27848.8,1,7,5,2,6,6,540,0.121,4,3,6,1,2,1,1,5,5,2,2,4,7,7,2
24,4,153.71,10,38.0,44745.5,2,4,6,2,5,3,928,0.084,7,4,7,5,4,4,4,5,7,4,6,2,2,5,5
25,5,208.66,10,38.0,44617.15,4,1,5,2,4,1,843,0.142,5,7,7,7,6,7,3,6,1,7,5,5,4,4,4
26,1,140.71,17,22.0,41201.94,5,7,1,4,7,1,1947,0.056,5,5,7,3,1,4,2,1,4,5,3,5,7,7,7
27,4,132.0,11,65.0,76589.5,2,4,4,1,5,7,865,0.099,2,2,2,2,2,6,1,7,6,5,3,5,7,2,2
28,2,173.66,8,37.0,56123.48,7,6,6,6,1,6,1643,0.12,7,4,1,5,7,7,5,6,4,4,6,3,7,4,3
29,6,171.93,9,54.0,54709.7,3,6,5,7,3,3,1108,0.072,2,5,5,7,5,5,2,4,5,4,5,7,1,3,2
30,5,139.6,11,20.0,19922.75,5,2,7,5,6,2,1156,0.198,4,1,2,1,2,2,6,1,7,1,1,7,1,3,6
31,4,145.07,4,61.0,72708.36,7,7,2,7,5,4,1227,0.081,1,2,7,4,6,5,7,1,5,4,5,5,5,6,5
32,1,309.68,8,50.0,35214.83,4,1,2,3,7,4,728,0.07,3,5,7,2,4,1,2,4,4,2,4,2,7,3,1
33,1,411.31,12,26.0,61198.65,3,5,6,1,2,3,1324,0.081,2,5,4,7,1,4,7,2,7,3,6,3,6,2,2
34,3,150.16,13,26.0,65547.54,3,6,4,3,4,2,1653,0.165,6,3,7,3,5,7,4,2,6,2,5,7,5,5,4
35,3,167.56,15,21.0,87213.17,4,6,7,7,7,1,1875,0.114,2,6,6,7,1,1,1,5,1,7,1,5,2,4,3
36,7,252.46,12,52.0,33823.59,5,2,6,5,5,7,1388,0.135,1,4,7,5,5,1,4,3,7,4,5,3,3,7,3
37,2,518.7,12,34.0,-390.24,1,4,1,4,4,5,1841,0.053,1,3,4,6,7,2,4,6,3,5,3,2,1,1,1
38,4,208.42,10,51.0,63676.99,4,2,5,7,6,5,1483,0.055,5,7,7,5,1,1,3,3,7,2,2,5,7,3,6
39,4,297.26,8,41.0,96010.22,4,1,1,2,2,7,2172,0.117,3,2,6,7,4,7,5,5,5,5,3,1,2,3,1
40,7,354.45,12,49.0,84778.93,4,7,2,7,3,3,1335,0.172,1,6,5,2,7,7,2,3,5,2,7,6,5,1,6
41,6,234.41,5,18.0,64193.19,3,3,5,2,7,2,1860,0.183,7,5,2,7,7,4,1,1,5,5,2,2,5,7,2
42,6,292.62,10,25.0,50167.28,2,3,6,4,3,2,1796,0.063,2,3,6,7,5,7,6,1,6,6,7,4,1,7,5
43,7,260.78,11,62.0,76142.45,7,7,1,7,2,4,616,0.131,2,6,4,1,3,5,5,4,7,2,5,4,5,1,4
44,6,303.25,11,40.0,40529.08,1,4,3,1,4,1,1317,0.187,4,7,2,3,1,4,5,4,7,7,4,2,6,7,3
45,3,96.56,14,64.0,69527.16,5,6,4,1,6,6,867,0.108,1,4,2,2,1,2,1,5,2,5,5,4,5,2,1
46,4,220.43,9,57.0,70109.4,5,4,7,3,5,2,1617,0.174,6,7,4,7,2,4,5,5,6,3,1,7,4,7,4
47,7,248.12,11,29.0,81204.2,7,6,7,4,2,7,667,0.07,5,2,1,4,5,3,3,7,1,7,5,2,3,4,6
48,4,246.71,10,29.0,115193.2,2,6,4,1,1,6,1453,0.19,3,1,7,3,6,5,5,5,1,1,2,1,5,7,5
49,1,313.7,12,63.0,67848.32,4,3,3,7,4,5,2238,0.163,6,3,6,5,3,3,3,1,1,2,3,2,4,3,3
50,3,244.69,9,64.0,49820.73,1,4,2,4,3,6,1864,0.191,5,2,4,2,4,3,2,3,1,3,4,5,2,5,3
51,5,85.51,9,32.0,59488.51,5,2,5,5,7,1,1160,0.151,2,1,5,5,2,6,2,6,1,1,7,5,5,2,6
52,3,259.13,7,58.0,24618.48,7,6,4,2,2,7,2437,0.105,6,3,3,7,3,7,4,7,4,2,5,3,6,2,5
53,7,111.69,16,36.0,46105.74,6,5,3,7,3,1,1194,0.191,5,2,4,5,5,2,3,7,5,3,5,4,2,7,3
54,5,130.06,5,,51814.35,7,5,6,2,4,6,1424,0.091,2,7,7,5,3,1,6,7,6,3,3,6,7,5,5
55,1,158.15,10,69.0,49518.23,5,2,7,2,3,3,651,0.1,2,2,7,1,7,3,2,5,4,7,4,4,5,5,3
56,7,188.86,8,46.0,63047.1,4,5,3,4,2,2,1085,0.155,2,6,2,5,1,4,5,5,6,6,6,7,1,6,2
57,2,45.63,5,39.0,43551.6,6,1,2,4,4,7,2400,0.165,2,7,2,4,7,1,1,1,2,3,7,2,4,5,6
58,4,311.69,10,57.0,82420.61,2,6,2,3,1,3,1412,0.189,7,3,4,4,1,4,1,6,7,6,5,6,4,7,5
59,1,84.45,8,38.0,60004.14,1,2,1,2,2,6,773,0.081,2,2,3,3,2,4,7,1,3,4,5,6,1,7,4
60,4,357.01,12,68.0,59813.99,2,4,4,3,5,2,2077,0.17,4,5,4,7,5,1,3,6,5,7,6,4,3,1,2
61,6,87.5,8,55.0,53442.11,2,6,1,2,6,4,995,0.161,6,3,3,6,5,1,6,1,2,5,7,6,7,3,7
62,2,328.19,3,37.0,63103.81,7,2,7,3,2,3,2247,0.06,5,2,3,5,3,7,4,3,4,7,2,6,6,6,4
63,2,197.16,9,46.0,76501.97,1,3,3,3,4,3,600,0.108,4,6,7,5,2,4,5,5,3,1,2,5,4,7,6
64,1,28.36,17,68.0,42657.4,1,4,5,5,7,6,1056,0.092,7,1,7,2,5,2,3,2,7,5,1,1,2,1,3
65,2,95.7,7,21.0,46837.67,5,3,5,3,6,5,1605,0.096,4,1,7,1,6,7,7,2,2,5,3,2,6,6,7
66,5,332.65,4,24.0,53925.48,5,6,2,4,2,6,2052,0.197,1,5,5,6,6,5,1,5,7,6,4,4,4,3,4
67,2,244.86,14,45.0,33082.58,1,4,5,3,1,3,572,0.146,1,3,7,3,7,6,3,7,7,5,5,5,7,6,2
68,4,192.13,14,45.0,43614.84,6,5,5,2,7,2,1537,0.158,1,6,6,6,1,5,5,5,6,3,7,7,3,1,7
69,4,21.68,3,21.0,50475.58,3,2,7,3,1,5,1956,0.196,3,2,2,5,3,2,6,5,3,6,5,7,7,4,7
70,7,338.96,11,39.0,77487.78,5,6,5,1,5,6,656,0.107,1,2,2,2,4,7,6,5,6,5,1,3,2,7,5
71,4,387.04,10,29.0,65251.23,3,1,3,6,7,7,1234,0.17,5,1,3,7,1,6,2,7,7,6,7,6,7,3,1
72,7,368.8,10,62.0,63871.8,7,4,5,2,3,6,631,0.115,4,6,2,1,2,7,5,6,2,4,7,6,6,2,4
73,4,138.48,10,20.0,77017.96,6,4,6,1,7,3,1861,0.18,5,7,1,7,5,1,7,3,7,6,5,4,2,3,1
74,5,238.28,10,39.0,57252.56,1,7,5,2,6,3,1518,0.077,6,5,3,3,1,6,2,2,4,2,3,1,1,3,6
75,7,249.21,12,61.0,67809.3,6,6,5,4,7,4,1927,0.192,1,1,2,6,4,4,2,4,7,3,1,1,5,3,4
76,3,47.25,10,19.0,57935.56,5,6,1,6,4,6,1899,0.083,7,1,1,3,4,5,2,2,6,1,3,4,1,4,4
77,6,218.05,8,41.0,65307.25,2,3,3,6,4,3,2411,0.099,3,5,5,5,6,6,3,2,3,2,1,4,6,7,5
78,1,307.1,8,51.0,48344.83,7,7,2,4,3,7,1058,0.163,6,3,2,3,2,4,7,7,2,2,5,5,5,1,3
79,4,276.45,18,44.0,11223.66,1,5,1,6,7,1,606,0.109,7,2,1,7,1,7,1,1,6,2,1,7,1,7,2
80,2,88.88,11,58.0,57314.42,4,3,4,4,1,5,2143,0.141,3,3,4,2,3,2,6,5,7,5,2,4,5,2,2
81,4,113.74,10,18.0,88454.96,7,7,3,1,1,1,764,0.117,6,6,6,3,1,6,3,5,4,6,7,7,4,1,2
82,2,279.06,12,25.0,78524.31,3,3,6,5,2,5,1728,0.161,4,7,4,4,6,4,1,5,5,6,4,3,7,6,6
83,6,263.29,14,40.0,79307.95,6,5,3,2,5,7,1602,0.084,5,4,1,2,7,7,6,1,4,7,5,7,2,6,7
84,6,25.42,6,55.0,84722.61,1,7,4,4,6,6,654,0.059,2,4,3,6,4,7,7,7,7,5,6,5,5,6,3
85,6,45.66,8,23.0,61773.15,7,7,4,2,5,4,2306,0.095,5,4,7,1,2,7,7,3,4,3,4,6,4,1,1
86,2,192.35,16,39.0,63946.31,6,1,4,1,7,3,1487,0.121,1,5,7,1,2,2,5,3,5,5,5,6,7,5,2
87,4,141.03,12,42.0,47646.96,1,3,7,5,5,3,1496,0.075,7,1,7,5,3,1,6,7,4,5,4,7,7,4,1
88,6,170.17,10,35.0,53678.54,5,3,2,1,2,3,746,0.103,2,7,3,5,2,2,6,4,5,5,2,6,3,5,3
89,5,158.87,13,34.0,72315.42,7,4,5,6,5,6,1030,0.11,3,3,2,4,6,2,7,3,7,3,4,6,1,7,6
90,7,298.4,7,29.0,84077.69,5,5,3,2,3,5,1357,0.059,4,2,7,6,6,5,6,7,5,7,1,2,3,6,3
91,2,210.36,8,23.0,57211.07,7,2,7,7,2,7,2471,0.137,4,4,4,7,6,7,4,3,6,3,4,3,6,4,5
92,2,226.76,5,43.0,50996.21,5,1,5,5,3,3,1037,0.183,3,3,3,1,2,4,5,5,6,4,5,5,4,1,7
93,4,65.77,6,44.0,60010.56,6,7,5,6,7,1,1228,0.073,1,4,3,1,2,6,3,6,5,7,6,5,3,6,2
94,2,136.41,14,25.0,72024.13,4,7,6,5,2,3,1677,0.14,3,7,7,1,6,5,3,7,2,4,6,6,3,1,6
95,2,312.35,13,36.0,31122.9,7,7,4,6,7,6,653,0.15,6,4,4,7,2,7,1,2,3,4,3,1,7,4,5
96,6,414.32,12,59.0,14076.38,7,1,2,1,7,7,2209,0.113,7,2,5,1,2,3,3,3,2,4,7,5,4,1,2
97,4,165.74,3,18.0,48989.26,5,7,6,4,5,4,591,0.155,7,6,3,3,4,2,2,3,5,6,4,3,7,1,3
98,6,224.93,12,46.0,35585.75,1,7,1,2,3,7,1956,0.112,1,6,7,6,1,3,6,1,3,2,6,4,2,2,3
99,7,232.45,11,62.0,49837.2,7,5,7,3,7,1,837,0.126,2,7,6,2,5,7,3,4,6,2,4,3,5,7,4
100,7,367.53,9,66.0,57044.39,5,6,7,3,3,3,2003,0.051,3,6,1,2,2,5,1,6,3,4,7,6,6,5,4
101,6,288.9,13,,50935.03,2,6,2,1,3,3,2216,0.154,1,5,2,4,5,4,1,1,5,4,6,6,6,5,3
102,7,249.61,13,57.0,89049.35,5,4,5,2,2,2,1654,0.149,7,1,3,3,7,5,2,5,6,1,7,2,1,5,3
103,4,205.56,10,31.0,66534.9,6,4,7,2,4,5,949,0.056,2,5,6,1,5,4,1,2,3,2,4,7,7,3,1
104,1,206.02,8,52.0,66009.49,4,7,2,1,5,1,1309,0.105,3,3,6,1,4,4,7,4,3,1,5,5,5,2,7
105,6,56.05,13,65.0,72444.14,2,5,7,2,7,2,1286,0.197,4,5,3,5,2,7,4,1,2,7,4,7,1,6,1
106,5,161.65,6,62.0,37223.34,6,7,7,4,3,7,772,0.113,3,3,5,5,6,1,7,7,3,1,7,7,6,6,7
107,5,288.62,18,37.0,80782.24,6,4,4,1,6,4,2452,0.125,5,3,1,4,5,7,6,3,7,5,5,5,5,6,5
108,2,176.63,13,66.0,58484.71,6,1,1,4,4,5,1087,0.186,3,1,2,1,2,2,6,3,5,6,5,5,3,5,4
109,7,204.44,8,30.0,73409.61,1,1,4,2,7,1,676,0.158,5,2,3,4,3,5,6,4,1,7,3,6,2,7,4
110,5,82.39,12,55.0,,6,2,1,1,6,3,2219,0.137,2,7,2,3,7,4,5,3,1,3,6,5,3,5,3
111,2,244.55,7,66.0,28924.82,1,6,7,2,5,7,1330,0.17,3,1,4,2,6,7,3,7,1,2,1,1,2,7,3
112,1,53.82,12,63.0,76357.79,6,5,6,1,5,1,1142,0.18,2,7,6,1,3,7,4,1,5,4,5,1,7,2,5
113,4,228.99,10,66.0,67528.19,3,3,5,2,3,3,2398,0.119,2,6,6,6,3,5,3,1,1,7,7,4,4,7,6
114,4,181.28,6,25.0,41958.97,2,6,7,4,3,5,1572,0.121,7,6,3,7,5,5,4,3,2,4,6,5,1,1,6
115,4,25.67,5,60.0,42606.74,3,3,1,7,7,3,1066,0.108,1,5,3,3,3,4,3,3,5,3,2,2,1,5,6
116,5,306.95,9,37.0,82508.7,6,2,1,4,2,4,1165,0.195,2,3,4,1,4,6,2,5,7,7,4,4,4,6,4
117,1,183.61,8,50.0,36211.76,2,2,1,2,4,7,1878,0.155,2,4,5,7,4,3,7,2,6,2,7,6,5,1,1
118,5,386.08,19,43.0,92853.46,2,7,7,1,7,6,2235,0.062,7,4,3,6,5,2,1,4,7,7,2,5,4,5,6
119,7,347.83,10,56.0,41987.59,7,4,2,3,4,3,1831,0.179,7,7,6,5,2,2,1,1,5,4,7,1,7,4,2
120,5,112.05,11,38.0,72767.84,4,2,6,4,3,4,1367,0.122,3,3,2,4,1,6,7,4,5,4,4,2,6,3,5
121,1,120.83,7,66.0,53427.63,3,2,2,4,5,6,2408,0.06,7,7,1,5,2,1,2,5,3,5,3,4,4,5,6
122,1,82.8,7,59.0,72063.75,4,3,5,6,3,7,2153,0.132,3,1,7,2,2,6,4,1,3,1,7,2,2,4,2
123,7,41.35,11,60.0,49117.72,2,4,7,3,5,5,2298,0.113,4,2,2,5,2,1,7,5,3,7,5,5,6,2,6
124,1,157.78,11,58.0,56744.14,1,2,1,2,7,5,1569,0.182,7,1,5,1,2,1,5,5,4,4,1,3,4,4,1
125,1,344.37,10,26.0,60818.38,2,6,6,7,5,7,801,0.081,1,3,1,6,6,6,4,6,2,6,5,2,1,2,1
126,4,8.51,12,41.0,39956.25,4,2,6,1,3,7,1367,0.174,2,3,2,5,1,2,1,3,5,2,4,2,3,5,6
127,7,285.19,15,54.0,74816.49,3,4,3,6,1,1,1411,0.134,1,2,2,1,6,3,5,7,7,6,7,6,2,2,2
128,3,276.83,12,66.0,49735.73,6,7,5,2,4,4,907,0.058,5,7,4,2,3,2,3,6,5,3,1,1,7,4,5
129,3,255.47,5,58.0,55428.0,7,5,6,5,6,4,1712,0.196,7,5,7,7,7,7,5,4,3,7,5,5,2,7,2
130,1,273.32,7,34.0,40113.01,7,4,7,7,5,7,1321,0.127,2,5,5,6,2,2,4,7,5,5,1,2,5,3,5
131,3,89.58,4,41.0,8753.33,7,3,1,4,5,2,2353,0.094,1,2,6,5,7,2,2,4,6,2,4,5,3,1,6
132,3,276.16,14,38.0,56179.44,6,5,1,5,1,2,1652,0.12,7,5,4,4,4,6,3,3,5,5,3,1,2,1,5
133,1,145.07,13,68.0,108252.31,7,6,6,4,7,6,1060,0.179,7,4,1,4,5,6,4,7,7,1,3,6,4,3,3
134,3,45.92,7,56.0,75692.09,3,1,2,4,7,6,2060,0.096,4,5,7,6,5,7,3,6,1,4,7,5,2,6,4
135,5,205.74,13,58.0,59614.79,6,4,5,5,7,2,1789,0.079,4,5,6,4,6,7,5,4,6,2,5,7,2,1,7
136,2,115.59,6,56.0,54742.18,7,7,1,7,6,7,1641,0.069,2,5,4,5,6,6,1,6,6,3,2,1,2,5,4
137,7,335.88,11,30.0,60449.32,6,3,6,5,2,7,963,0.095,5,4,7,5,4,2,4,3,5,7,4,1,5,6,1
138,2,171.37,11,28.0,70942.38,4,6,1,2,1,6,643,0.167,4,7,5,6,2,3,2,7,4,1,5,4,2,5,3
139,1,204.56,11,63.0,36383.74,3,5,6,6,6,3,941,0.121,4,5,3,5,7,1,7,7,3,1,5,6,2,4,4
140,4,238.92,11,36.0,82286.43,5,6,5,6,1,7,1723,0.084,5,6,3,7,7,5,5,1,2,5,3,6,5,4,6
141,7,173.26,12,28.0,74307.63,1,4,6,5,5,2,1680,0.075,1,4,1,1,1,1,4,5,2,1,7,7,6,6,5
142,1,189.62,11,30.0,74363.71,7,2,3,2,4,4,986,0.1,4,2,3,2,3,7,2,5,1,2,1,5,3,6,5
143,4,284.36,10,63.0,68769.51,1,7,6,6,1,7,1359,0.191,3,1,4,7,5,7,4,6,2,5,4,3,7,6,2
144,2,93.37,6,62.0,60392.33,6,4,6,2,2,7,1657,0.101,6,2,1,7,3,1,5,7,2,1,1,7,6,6,2
145,1,129.82,12,18.0,73457.22,1,1,7,2,3,3,2435,0.198,6,1,6,4,1,5,4,4,3,7,6,4,1,2,5
146,7,103.29,11,57.0,71836.28,3,4,5,4,6,6,647,0.123,4,2,5,1,6,2,3,6,3,3,6,6,5,7,6
147,7,343.68,11,61.0,52919.19,3,5,7,6,1,7,1859,0.077,1,6,1,6,7,3,5,6,4,7,4,1,5,6,5
148,6,129.83,10,36.0,48527.96,2,5,6,6,1,5,1594,0.184,7,1,6,4,5,3,4,2,7,6,7,6,2,7,2
149,5,185.67,14,29.0,62037.13,7,4,5,4,2,1,1756,0.119,1,1,1,1,3,1,7,7,1,2,2,7,2,6,4
150,3,139.94,8,25.0,90980.4,2,5,3,5,4,2,1857,0.156,2,3,2,5,6,5,1,5,2,3,6,3,7,4,1
151,4,169.18,10,25.0,35217.86,1,2,5,4,1,5,1310,0.198,3,1,2,6,1,7,4,7,4,3,3,2,1,5,2
152,6,126.26,9,62.0,30649.49,5,6,1,6,1,6,1165,0.058,1,1,1,6,3,4,3,3,1,5,2,2,2,7,6
153,3,246.27,9,29.0,63295.22,2,4,7,6,4,4,589,0.065,5,3,7,4,7,2,2,6,6,4,5,6,4,4,4
154,3,95.91,14,65.0,61017.75,2,7,5,7,2,1,1857,0.158,3,5,3,5,2,1,7,2,2,5,6,6,2,1,4
155,1,64.75,18,50.0,63466.83,3,2,3,5,6,5,698,0.092,6,5,2,4,6,3,2,2,2,2,3,4,2,2,4
156,3,144.16,12,62.0,64879.06,5,6,4,4,6,1,1684,0.078,3,3,7,3,1,7,7,5,3,2,5,6,4,2,3
157,5,120.18,10,43.0,55535.95,6,7,6,1,1,2,1037,0.056,5,4,7,1,3,6,2,5,5,5,2,3,1,5,3
158,7,66.22,10,56.0,89797.27,1,7,5,1,4,6,1644,0.053,4,1,5,3,7,6,1,5,1,4,4,6,4,6,7
159,6,167.66,11,45.0,27981.92,2,7,6,5,1,7,800,0.166,5,1,6,1,2,5,3,3,2,7,5,5,5,4,4
160,3,33.99,13,22.0,43430.06,5,6,2,4,7,4,1223,0.07,5,3,4,2,2,5,5,2,1,5,1,7,4,1,6
161,1,372.77,9,25.0,57934.9,7,2,1,4,3,6,2098,0.12,4,3,2,7,1,1,2,4,7,2,4,3,3,4,5
162,5,50.74,10,42.0,27136.22,5,7,7,2,6,1,1462,0.141,4,4,1,6,4,4,7,3,4,4,4,4,5,6,6
163,2,135.37,7,44.0,56482.91,1,7,1,6,7,5,1959,0.114,4,6,3,4,7,3,3,1,4,2,2,5,2,6,3
164,7,159.64,9,63.0,93229.4,5,3,2,3,5,2,567,0.054,4,5,4,2,7,1,4,6,5,4,2,5,7,3,2
165,7,368.47,11,40.0,60417.73,5,4,2,7,3,2,2288,0.168,4,2,6,2,5,4,1,5,2,4,3,7,5,4,7
166,6,26.97,10,47.0,64614.02,5,6,7,5,1,6,2445,0.052,5,6,7,6,1,7,3,2,7,5,3,2,1,5,3
167,7,214.21,4,62.0,34796.7,7,6,5,3,2,7,958,0.164,2,7,6,6,2,5,3,6,3,5,1,3,1,4,5
168,3,303.72,5,64.0,47672.77,2,5,2,3,6,5,2037,0.184,2,5,2,1,2,6,5,7,2,5,4,7,4,2,1
169,1,169.03,11,40.0,52496.07,1,6,4,5,5,7,897,0.115,1,1,6,3,1,2,3,3,1,4,7,5,5,1,7
170,7,83.02,12,66.0,53645.7,7,2,6,4,3,7,1119,0.13,2,7,6,5,4,7,5,1,6,4,1,4,2,7,3
171,7,189.2,11,64.0,85632.88,5,6,6,5,6,5,1809,0.122,6,6,3,1,5,6,1,7,4,2,1,7,1,5,6
172,2,352.71,9,37.0,71153.82,5,3,3,3,4,1,2084,0.108,2,3,7,5,3,3,1,3,1,3,7,2,6,3,7
173,2,138.42,11,35.0,37770.84,2,4,2,6,2,6,1663,0.183,5,4,3,2,1,3,4,3,5,5,7,5,2,1,6
174,4,343.62,7,35.0,64930.1,1,4,2,7,3,6,1229,0.184,4,5,3,5,5,6,5,4,4,6,7,7,6,1,4
175,5,225.87,14,19.0,69964.43,3,6,4,7,4,3,1055,0.1,4,4,1,3,7,7,5,6,3,2,2,3,3,7,4
176,3,323.25,8,21.0,82802.98,7,7,1,6,7,6,2452,0.142,7,7,6,1,5,6,2,4,4,2,1,2,6,2,4
177,7,221.87,12,47.0,91610.81,2,1,1,6,1,2,1280,0.189,7,5,6,6,6,4,2,3,6,1,1,3,1,2,7
178,7,151.56,9,50.0,39698.12,1,1,6,4,4,1,2113,0.194,7,6,6,3,2,1,4,1,7,5,5,3,4,2,1
179,1,363.89,17,53.0,43782.85,7,7,6,1,3,5,2251,0.126,5,1,5,7,3,5,1,2,2,7,7,3,3,5,5
180,4,222.52,9,35.0,34848.44,5,7,5,5,3,6,1393,0.118,6,2,3,3,1,4,6,2,6,2,7,7,5,4,7
181,5,216.64,11,54.0,55319.6,1,7,7,7,7,1,1109,0.092,2,4,4,7,2,2,2,7,7,1,3,2,2,1,2
182,4,280.76,10,36.0,69327.17,1,2,4,6,1,6,1247,0.194,5,4,2,1,6,6,3,6,6,6,3,7,1,4,6
183,6,292.42,12,64.0,79746.69,6,1,7,5,4,5,781,0.071,1,2,7,6,6,2,1,5,2,6,4,7,3,4,6
184,5,281.29,14,45.0,58480.98,1,7,7,7,4,4,1160,0.137,4,4,4,3,2,2,6,5,4,7,3,7,3,2,7
185,7,64.93,10,57.0,53603.05,3,2,3,6,1,5,1423,0.092,7,4,7,7,4,4,3,2,5,5,6,5,1,4,7
186,7,136.28,7,37.0,63035.16,1,5,7,7,4,5,2339,0.092,3,5,1,6,5,5,7,3,2,4,4,6,5,1,5
187,5,134.35,11,66.0,43297.14,3,2,3,4,6,5,1495,0.111,1,5,1,4,1,7,5,3,2,1,7,1,5,1,1
188,7,122.09,6,50.0,101790.77,5,1,7,1,1,6,2459,0.2,7,2,7,4,1,3,1,4,7,4,5,5,4,6,7
189,3,112.79,5,29.0,27846.78,3,6,4,1,2,3,2101,0.058,6,7,6,4,1,1,7,6,3,6,3,2,7,3,4
190,5,132.9,12,68.0,63694.81,7,5,3,6,3,5,1245,0.137,1,1,4,5,2,3,4,4,4,6,5,1,6,5,5
191,4,233.59,10,32.0,100472.12,5,1,1,7,2,2,1980,0.062,5,6,6,3,7,5,5,5,2,3,3,1,5,4,2
192,5,249.44,7,58.0,60136.0,5,2,3,4,6,2,586,0.073,2,6,5,1,4,3,5,2,5,3,3,1,4,5,4
193,7,199.84,8,56.0,56199.22,3,3,3,2,7,1,1602,0.116,4,7,1,1,3,6,3,7,1,7,5,6,6,5,2
194,3,157.4,6,19.0,52851.09,2,4,4,5,6,3,1728,0.127,6,4,1,5,6,6,7,3,4,3,1,7,3,5,3
195,3,327.55,12,46.0,56392.17,4,1,4,5,5,1,1290,0.089,6,1,4,1,2,4,5,2,3,3,1,4,1,7,2
196,6,190.84,7,58.0,87456.97,1,7,3,3,5,2,1860,0.097,3,2,1,7,7,2,2,1,6,7,1,2,5,6,4
197,4,293.71,6,27.0,15762.76,6,2,2,4,5,7,1777,0.063,1,7,5,4,3,5,1,2,2,2,6,6,4,5,3
198,2,143.07,18,19.0,90668.67,4,7,4,7,1,2,803,0.095,3,2,5,3,6,5,2,1,5,3,1,6,3,6,4
199,2,241.37,9,68.0,31520.86,1,7,5,3,4,4,1903,0.195,2,5,5,1,6,3,3,4,4,2,3,4,5,1,6
200,5,334.21,15,28.0,54666.95,1,7,5,6,6,5,629,0.192,7,4,2,1,4,4,6,4,5,2,7,1,2,7,4
201,6,60.88,16,30.0,51415.11,5,7,1,7,2,7,1095,0.1,2,3,5,2,5,3,3,5,5,5,2,7,7,4,3
202,1,134.49,12,27.0,71771.07,1,7,7,3,7,2,1799,0.136,7,2,5,2,1,3,1,2,7,2,5,4,3,6,2
203,5,259.37,8,31.0,28037.51,6,5,3,1,2,6,2222,0.186,3,7,2,2,3,5,5,2,6,2,7,4,5,3,6
204,6,321.28,11,35.0,69243.45,1,1,2,5,2,6,1057,0.051,4,4,6,3,2,3,7,1,3,3,2,6,3,5,1
205,4,220.31,13,68.0,100486.19,3,1,1,7,2,1,1398,0.172,2,1,3,4,3,2,7,4,4,2,7,2,1,7,1
206,4,204.96,8,26.0,32736.52,4,4,3,3,7,7,1706,0.192,3,7,1,6,5,3,4,1,2,4,6,3,1,3,1
207,4,361.06,11,56.0,63794.12,3,2,4,1,5,1,1791,0.064,1,5,5,4,1,2,3,4,3,7,2,7,7,1,1
208,4,327.4,16,45.0,46760.36,6,3,5,4,2,5,2331,0.074,3,6,1,4,3,5,1,1,2,3,4,4,1,1,5
209,4,113.14,8,20.0,68517.74,1,5,6,3,7,5,1845,0.194,3,1,4,3,5,4,4,4,1,7,1,7,6,2,1
210,6,211.64,9,37.0,60382.96,7,2,2,6,7,4,2035,0.131,5,2,1,7,2,6,5,1,5,1,6,4,2,5,3
211,6,236.02,11,23.0,47170.26,6,5,6,6,4,3,2135,0.052,2,2,7,7,4,2,6,7,1,3,7,1,1,2,7
212,3,371.86,11,44.0,69757.45,5,1,5,6,7,1,577,0.089,4,1,6,3,7,4,3,4,7,2,3,7,2,7,1
213,2,286.61,11,19.0,96086.96,3,7,7,7,5,5,1283,0.117,4,2,2,2,6,4,6,6,5,4,1,1,1,3,4
214,7,189.64,10,46.0,56181.92,3,4,7,5,2,1,1862,0.154,5,7,1,1,2,2,1,1,6,7,1,6,6,4,7
215,4,222.01,10,55.0,74395.16,2,4,6,3,7,5,1173,0.16,7,4,1,5,1,5,6,2,3,3,2,1,3,2,1
216,1,11.61,6,20.0,34134.54,1,6,4,4,1,2,2079,0.199,6,2,1,5,6,1,6,5,2,4,4,7,5,1,7
217,7,296.86,13,33.0,40871.27,5,3,3,3,7,1,2032,0.093,7,5,3,6,7,4,1,6,7,7,1,5,5,5,2
218,6,264.57,13,47.0,69448.13,7,4,4,5,3,2,737,0.131,4,4,3,1,2,4,1,6,6,1,7,7,1,3,3
219,1,321.22,6,57.0,89682.32,3,7,6,1,3,1,1657,0.13,3,7,4,6,2,5,3,1,2,6,7,4,5,6,3
220,1,185.6,7,19.0,67112.27,3,1,4,5,3,3,2496,0.111,5,3,2,2,2,5,6,5,3,1,5,1,1,7,7
221,1,212.8,9,34.0,53738.84,5,3,5,6,7,4,1715,0.075,1,2,1,6,2,3,4,2,4,6,5,2,1,7,6
222,3,151.87,12,58.0,59985.83,6,2,2,7,5,6,1879,0.197,2,2,1,1,6,5,1,6,7,5,1,5,7,1,5
223,6,85.19,10,29.0,34991.85,6,7,4,1,2,6,777,0.178,2,5,1,1,1,4,5,2,1,6,2,6,4,6,4
224,1,139.77,9,52.0,72090.31,1,7,5,7,6,6,1541,0.125,2,7,1,5,7,2,6,4,1,5,2,3,4,7,7
225,4,18.07,11,60.0,77646.66,2,4,2,6,6,2,1023,0.14,3,5,3,7,5,1,1,7,2,3,3,4,7,4,3
226,5,291.46,7,18.0,50958.19,3,3,7,2,6,7,679,0.084,1,6,6,2,3,7,4,5,2,5,6,4,4,5,2
227,1,17.49,7,62.0,50599.16,2,1,3,5,5,5,622,0.132,5,7,6,3,4,3,7,7,2,4,6,2,2,4,1
228,3,403.21,11,32.0,65317.56,6,6,6,5,4,6,1769,0.154,5,1,4,6,7,7,3,3,7,5,6,3,4,7,3
229,7,23.59,10,43.0,51265.61,6,5,7,4,1,3,2257,0.127,2,1,7,5,3,2,6,4,3,4,4,3,1,4,2
230,6,349.99,5,54.0,58677.35,4,5,3,3,1,6,1896,0.199,1,1,5,6,3,1,7,5,4,7,2,6,6,7,1
231,3,109.19,13,38.0,101994.44,7,1,7,1,3,1,1574,0.142,1,5,2,6,4,1,1,1,1,7,3,6,6,5,5
232,1,256.1,6,66.0,55059.49,1,1,1,7,3,2,1594,0.106,1,1,6,3,7,1,1,7,6,6,5,5,3,5,3
233,6,124.76,13,48.0,52833.2,4,5,7,1,7,7,979,0.166,4,7,7,2,6,6,5,1,5,6,7,4,4,6,3
234,5,367.37,8,42.0,47049.16,7,6,5,4,6,1,2083,0.076,4,1,1,1,1,2,5,2,7,6,6,1,6,4,7
235,1,204.37,7,40.0,74883.84,4,3,2,4,7,7,1542,0.108,2,3,6,4,4,3,6,6,7,5,5,6,4,3,7
236,3,307.37,9,41.0,,4,5,7,7,6,1,2297,0.102,1,1,4,6,1,3,7,7,3,6,5,2,3,6,2
237,2,207.6,13,55.0,47012.54,1,1,4,3,3,1,583,0.115,6,2,5,4,6,1,7,3,1,5,1,2,6,5,6
238,4,235.3,10,45.0,86426.08,1,4,3,7,2,4,1678,0.167,1,6,6,2,3,2,1,1,4,5,4,2,1,1,7
239,7,261.61,10,38.0,88392.06,5,2,7,7,4,4,1064,0.123,5,5,4,4,1,6,6,5,3,2,3,7,2,7,4
240,3,147.13,13,60.0,47991.53,2,6,2,6,7,5,1118,0.169,5,4,3,6,6,1,1,7,6,2,4,6,7,6,5
241,6,71.97,6,35.0,22669.2,2,7,5,3,4,2,856,0.136,2,6,5,3,6,5,5,7,1,5,1,6,7,2,4
242,1,69.84,10,53.0,80150.27,5,6,1,5,4,3,1315,0.101,6,3,4,4,5,7,4,6,3,7,3,2,7,3,3
243,4,205.08,8,52.0,46307.4,5,4,3,6,4,3,1146,0.171,1,5,7,2,4,3,2,6,1,4,3,6,4,7,4
244,1,151.14,6,62.0,75812.51,6,4,6,2,3,3,942,0.086,7,7,6,2,5,7,2,5,1,3,2,7,6,6,1
245,6,14.59,6,26.0,20597.92,7,7,2,3,1,1,1592,0.084,6,5,3,7,3,4,1,6,7,1,4,1,6,5,5
246,1,251.29,14,55.0,77851.95,4,1,6,4,3,4,1022,0.126,2,2,7,7,4,1,7,1,4,2,4,1,3,5,4
247,2,78.15,10,47.0,35776.56,5,5,2,6,4,2,642,0.089,5,7,4,3,3,5,5,5,7,5,2,5,1,3,1
248,4,83.97,8,61.0,74615.28,3,3,2,3,3,1,691,0.051,7,6,4,4,5,3,3,5,5,1,5,4,5,2,2
249,4,195.84,7,51.0,60285.46,2,6,5,1,4,7,1910,0.147,5,6,7,4,7,7,3,2,4,2,1,1,6,6,4
250,6,109.99,7,49.0,40921.21,5,7,5,7,5,4,877,0.127,4,1,6,7,6,6,2,3,1,3,4,5,2,6,5
251,7,212.25,4,20.0,51859.27,3,6,5,2,6,4,1080,0.117,2,7,5,1,3,2,4,7,3,4,2,3,3,4,1
252,2,397.35,8,20.0,73726.37,3,4,7,5,1,6,1034,0.195,2,2,3,5,4,3,2,2,6,5,7,4,6,1,4
253,3,162.09,12,45.0,62117.89,3,5,4,7,5,6,2216,0.136,1,1,1,2,4,7,1,3,4,3,3,1,6,5,2
254,1,94.04,9,61.0,71688.26,6,6,2,1,2,2,1816,0.18,1,1,2,1,3,2,4,5,5,7,6,7,3,6,4
255,5,218.15,13,32.0,99528.81,6,3,3,1,3,7,1532,0.071,4,5,5,2,4,7,3,7,1,2,7,3,3,6,1
256,1,122.48,13,58.0,28715.17,3,4,6,2,2,2,1794,0.135,7,6,3,1,6,2,7,6,6,5,2,5,4,7,4
257,1,202.38,11,40.0,92344.25,7,3,5,5,7,2,1910,0.18,3,1,7,7,7,6,5,3,4,1,6,1,6,7,5
258,3,231.56,9,57.0,62087.12,6,5,7,4,3,1,592,0.137,6,3,4,7,6,6,5,5,7,7,5,1,5,6,3
259,1,196.48,8,28.0,42024.32,4,6,5,6,6,5,2489,0.158,3,3,7,5,4,1,1,5,7,7,1,6,2,2,1
260,2,205.66,9,65.0,33393.73,3,2,6,5,5,2,1028,0.106,3,6,3,1,3,1,2,2,4,6,6,3,1,1,1
261,2,219.21,12,49.0,56217.59,4,6,6,3,6,6,1677,0.064,2,3,7,2,5,3,1,2,4,4,5,1,1,6,1
262,4,359.71,11,53.0,78433.0,4,5,2,1,7,5,904,0.119,6,5,7,4,4,6,5,6,4,7,6,2,5,3,1
263,6,174.71,11,50.0,57449.02,3,6,5,3,4,1,1339,0.109,2,2,2,2,4,5,3,4,6,2,3,7,3,5,4
264,7,212.74,7,41.0,90223.1,2,7,6,4,6,5,1672,0.18,6,4,6,6,4,7,5,1,7,4,3,6,3,4,5
265,5,286.68,7,56.0,,7,6,4,3,6,3,1388,0.087,5,1,2,7,4,7,4,4,3,5,3,6,3,7,2
266,1,247.1,9,51.0,59758.22,3,1,4,5,4,7,1790,0.195,2,4,1,3,3,7,7,4,5,6,3,1,6,3,5
267,1,164.18,8,45.0,34952.13,3,6,5,3,3,5,921,0.194,2,2,1,3,5,3,7,7,5,3,2,7,3,5,1
268,3,290.19,11,54.0,67272.64,6,6,7,4,4,2,2363,0.087,2,2,2,7,5,7,6,7,1,4,3,6,3,7,6
269,6,112.88,6,24.0,77737.75,3,3,6,4,5,1,2141,0.102,7,5,5,6,1,4,5,6,2,1,7,4,6,2,4
270,2,177.33,9,,51584.76,2,2,2,4,6,7,971,0.184,4,3,5,3,4,2,5,7,3,2,3,3,6,7,6
271,5,122.89,9,54.0,7915.72,6,3,2,5,4,2,1392,0.195,2,3,7,7,4,7,7,3,7,1,7,4,5,1,4
272,4,257.62,20,18.0,63978.96,1,3,7,4,7,7,1046,0.117,1,2,7,3,1,2,6,6,1,4,2,5,4,1,1
273,2,318.96,12,18.0,68734.77,1,4,2,1,7,6,1130,0.098,1,5,4,7,5,1,4,6,1,6,3,4,6,5,4
274,6,222.33,7,64.0,68085.9,4,1,1,7,6,3,2049,0.129,6,5,1,5,2,7,2,5,4,3,5,7,2,3,1
275,7,207.53,5,37.0,84715.64,7,3,5,4,5,6,2026,0.153,5,6,4,4,6,5,5,5,2,3,5,2,3,4,5
276,4,112.5,11,36.0,38578.93,4,7,2,3,2,2,1537,0.091,4,7,1,4,2,6,7,5,7,1,4,6,4,2,7
277,7,129.74,6,46.0,73604.32,2,5,4,6,5,2,1277,0.16,7,1,2,2,5,6,1,1,2,5,5,7,1,5,3
278,3,80.67,5,27.0,83850.15,5,7,6,3,1,2,2175,0.058,6,7,5,6,7,1,5,3,3,5,1,6,5,2,4
279,3,17.67,8,35.0,24428.25,7,5,3,6,1,4,2329,0.057,1,3,7,7,4,4,1,3,2,6,1,2,4,1,1
280,1,160.9,8,45.0,66393.04,1,6,7,3,1,3,863,0.108,4,2,5,1,2,3,4,5,1,3,1,6,6,6,6
281,7,170.19,10,52.0,49916.4,4,4,3,5,6,7,618,0.103,4,6,2,2,3,3,5,4,2,1,2,4,3,6,1
282,6,417.28,14,60.0,58369.55,1,1,2,3,7,2,1761,0.097,5,4,4,2,3,5,7,1,2,1,5,5,3,4,6
283,5,356.28,13,64.0,66953.53,2,7,3,5,3,2,1045,0.124,4,3,4,7,1,1,4,4,5,1,7,1,3,2,4
284,4,255.56,11,48.0,50255.43,2,1,3,5,7,7,1692,0.098,2,1,3,7,5,1,4,2,7,4,1,2,4,5,2
285,2,408.45,10,44.0,46485.84,5,7,1,4,3,6,1021,0.079,4,5,7,2,5,4,2,3,7,6,4,4,3,4,6
286,6,339.09,10,28.0,60683.05,5,6,4,1,3,6,1133,0.096,5,2,7,2,2,7,5,3,1,5,2,7,6,7,1
287,6,0.76,12,66.0,38255.08,6,5,7,6,7,2,2436,0.196,6,3,7,4,4,3,1,4,6,5,4,4,4,7,4
288,3,306.75,12,66.0,38283.5,7,2,4,4,6,1,2180,0.112,5,4,1,1,5,7,1,1,2,4,5,4,3,3,1
289,7,271.15,7,55.0,73587.47,2,4,1,4,5,4,1462,0.117,7,1,4,2,2,1,5,3,2,2,3,1,1,6,2
290,1,171.06,8,22.0,37024.12,4,7,1,7,3,6,1457,0.136,5,1,2,4,2,7,6,4,4,4,4,3,1,5,3
291,1,58.48,6,25.0,73326.25,1,7,3,5,2,1,2258,0.198,1,6,4,2,6,6,2,6,7,6,3,6,2,2,7
292,4,259.54,16,51.0,69251.83,3,6,5,5,7,4,1382,0.086,2,3,5,3,6,5,2,6,2,1,2,6,3,4,7
293,3,7.91,10,65.0,25483.87,5,4,6,6,7,2,2292,0.152,1,4,1,2,5,3,2,7,7,4,4,7,3,5,2
294,6,197.85,11,69.0,46448.71,3,5,6,3,1,3,1279,0.157,6,1,7,7,2,4,1,1,2,1,4,5,4,4,5
295,5,138.29,13,29.0,83882.19,4,5,3,3,5,5,1370,0.141,3,2,6,6,1,5,4,4,5,6,6,7,4,4,4
296,3,74.12,6,55.0,40376.69,5,7,6,4,1,5,1015,0.063,6,1,3,6,1,2,7,7,1,7,2,3,7,4,2
297,4,318.88,10,18.0,50711.91,3,2,1,2,7,2,1437,0.152,2,4,1,2,6,6,6,6,7,6,2,6,3,2,3
298,4,195.87,6,48.0,69241.22,7,2,4,2,7,6,1920,0.06,4,5,5,5,5,4,2,1,3,3,1,5,2,5,1
299,3,217.4,8,21.0,75667.81,4,1,6,3,3,1,1365,0.139,5,5,7,3,4,5,1,7,1,1,5,7,3,1,4
300,4,290.79,11,66.0,54969.22,1,4,7,2,5,3,605,0.161,3,6,5,1,7,1,1,5,4,5,4,5,6,1,6
301,3,199.12,9,62.0,48049.8,7,4,3,7,4,7,1608,0.082,2,3,5,2,1,2,4,1,1,4,4,4,4,2,2
302,2,245.14,7,67.0,88447.4,4,5,5,3,2,4,713,0.176,1,4,7,1,1,4,5,2,2,7,7,2,3,7,3
303,3,281.59,10,22.0,94777.99,6,1,3,5,3,2,1644,0.055,5,6,5,3,6,1,5,5,4,6,2,4,4,2,2
304,7,256.68,11,47.0,79577.16,5,6,2,4,7,3,1655,0.177,6,7,2,2,6,6,7,7,1,1,2,1,3,6,5
305,3,228.6,9,,61706.36,2,4,3,1,3,3,1349,0.119,1,1,3,5,5,2,7,4,4,7,5,6,5,4,7
306,4,378.31,8,20.0,43834.69,1,1,1,4,2,6,696,0.083,2,7,6,4,6,3,2,5,3,2,2,5,4,5,7
307,7,324.2,12,28.0,43391.11,7,1,4,3,7,4,518,0.07,2,1,5,5,3,1,7,5,1,3,3,7,2,5,4
308,4,191.42,11,62.0,70450.28,7,7,4,7,2,3,1141,0.193,6,5,5,7,7,5,2,7,7,2,3,2,5,3,1
309,1,109.03,7,21.0,68367.96,3,5,7,3,4,6,1535,0.061,3,6,4,5,2,7,6,4,7,6,6,7,6,3,3
310,1,263.86,6,43.0,88031.97,5,1,6,4,3,1,1604,0.08,6,5,3,4,1,4,7,4,6,2,3,6,3,1,2
311,7,221.59,13,44.0,73009.0,2,2,1,7,6,6,829,0.102,4,2,1,7,3,2,4,6,2,2,3,5,7,3,4
312,2,370.9,11,63.0,29938.39,4,2,2,7,3,1,1365,0.143,1,7,3,4,4,1,2,2,4,3,5,5,6,3,2
313,1,298.75,10,60.0,81038.95,2,3,1,7,1,1,1273,0.132,3,7,3,6,3,3,4,4,6,3,4,4,4,1,4
314,3,276.42,6,44.0,40038.79,5,5,3,6,5,7,891,0.069,5,5,7,4,5,7,1,3,6,3,3,2,5,6,7
315,4,201.3,18,59.0,52320.57,5,7,1,3,5,7,1136,0.093,7,2,7,2,4,4,2,3,5,7,6,2,6,7,5
316,1,112.43,6,68.0,65004.0,6,6,1,2,1,3,806,0.086,4,1,7,1,4,4,1,2,4,3,2,6,2,1,2
317,1,180.2,13,67.0,99913.35,6,3,7,2,7,6,1790,0.082,3,6,6,6,6,1,3,1,6,2,3,5,7,7,5
318,2,247.68,12,23.0,122198.37,2,2,2,3,5,7,1970,0.112,7,2,3,6,3,3,4,7,5,5,6,2,4,3,6
319,7,27.04,11,32.0,72134.46,4,7,3,3,2,1,1964,0.156,7,6,6,1,5,6,3,1,6,5,5,2,5,5,6
320,7,324.17,7,47.0,56336.07,2,3,5,6,5,7,1394,0.083,1,7,5,6,1,7,2,3,2,3,7,7,6,3,7
321,6,406.7,8,59.0,70690.11,5,5,7,2,5,4,1151,0.105,2,6,7,4,7,6,1,4,3,7,7,6,5,4,3
322,2,5.51,10,54.0,77753.11,5,7,5,3,1,3,1340,0.109,5,7,5,5,6,2,2,2,5,4,7,4,5,7,5
323,3,59.98,6,54.0,53586.65,3,5,7,3,7,6,1525,0.196,6,2,7,3,3,1,3,1,3,1,2,7,6,7,4
324,7,222.97,14,59.0,,6,1,4,6,4,6,1019,0.193,1,7,2,4,1,7,2,1,4,6,6,7,1,4,3
325,4,141.74,11,54.0,64601.42,3,4,7,6,5,5,2285,0.17,4,3,6,7,3,2,6,7,2,7,3,3,3,4,2
326,2,226.09,6,52.0,69954.86,1,1,6,4,6,6,2174,0.086,7,7,6,7,6,6,5,5,5,4,4,1,4,6,2
327,1,192.83,13,40.0,73318.49,5,5,1,6,5,3,1135,0.06,4,5,1,5,1,7,3,3,4,6,2,3,4,2,4
328,4,97.62,8,23.0,68431.73,3,7,4,1,4,4,1832,0.098,7,2,4,5,6,4,2,4,6,4,2,2,7,4,1
329,4,328.84,13,21.0,76778.81,2,2,2,2,1,6,1239,0.09,2,1,3,6,3,2,1,2,7,4,7,5,7,7,1
330,1,246.45,9,35.0,47654.94,6,6,5,4,4,5,2045,0.126,2,6,1,2,4,3,2,1,1,5,4,1,7,5,2
331,2,144.03,9,26.0,48833.96,6,2,7,1,1,3,968,0.167,5,4,6,2,7,5,1,7,4,1,7,1,4,7,7
332,1,350.5,9,66.0,37996.92,4,7,1,3,2,1,711,0.179,6,2,1,6,2,6,5,5,3,4,2,5,5,7,7
333,6,149.16,5,46.0,68790.02,2,1,2,3,1,2,1635,0.177,5,5,2,6,7,6,2,3,2,3,3,1,7,6,4
334,4,75.82,10,30.0,75578.73,4,6,6,4,2,2,1531,0.104,2,7,4,1,4,3,7,3,2,6,7,5,6,2,1
335,5,218.35,13,64.0,69155.46,3,7,2,6,2,1,1303,0.153,2,6,6,1,6,7,7,7,4,7,7,1,3,2,5
336,5,235.32,9,69.0,93489.85,7,5,1,7,1,7,976,0.097,4,3,6,3,7,7,5,2,6,5,7,7,2,4,2
337,3,253.19,14,34.0,59888.08,1,2,6,7,6,6,1373,0.059,2,1,3,3,6,7,3,1,1,6,2,6,4,3,6
338,7,269.64,9,62.0,73374.83,2,5,2,3,3,2,959,0.155,3,3,7,3,6,2,1,2,3,3,3,6,6,7,5
339,1,251.61,10,49.0,38165.98,2,6,6,7,1,7,752,0.051,7,4,4,3,1,1,7,7,4,3,4,3,3,1,4
340,1,247.55,13,65.0,52258.01,2,6,7,5,5,2,2049,0.111,1,2,2,5,5,4,6,7,4,4,1,7,3,3,6
341,3,142.62,7,39.0,73910.76,4,2,7,4,6,1,1251,0.099,2,6,5,5,6,5,3,2,7,3,4,1,1,3,5
342,3,131.93,18,21.0,76982.04,3,5,1,1,6,6,1961,0.154,5,2,1,1,7,1,1,6,2,1,3,4,6,2,1
343,3,274.24,15,22.0,54120.66,2,3,1,4,5,6,2277,0.165,6,5,3,2,7,1,5,5,3,3,5,5,4,2,7
344,4,224.35,6,54.0,58568.01,7,5,6,2,3,7,1480,0.096,7,2,6,6,7,3,7,3,1,4,7,7,7,6,1
345,6,282.02,5,58.0,29642.53,2,6,3,6,6,1,1353,0.172,7,1,5,7,4,2,4,6,2,6,4,1,5,6,6
346,1,29.27,15,66.0,52859.42,6,5,4,6,2,7,2184,0.094,6,4,2,2,2,6,2,4,4,3,5,6,7,2,3
347,4,149.92,11,30.0,77807.66,1,7,2,4,3,6,735,0.117,6,3,4,4,6,6,5,3,2,5,5,6,3,5,7
348,3,390.7,2,51.0,71504.1,6,1,2,3,7,6,1829,0.159,7,4,1,5,6,3,1,3,2,7,3,5,3,5,2
349,1,255.25,11,62.0,70013.31,6,3,3,3,5,3,977,0.154,3,6,3,3,6,2,1,5,5,5,3,4,2,1,6
350,4,229.56,9,39.0,60995.47,1,4,3,5,3,7,1178,0.198,5,2,6,3,1,3,1,4,2,5,7,1,7,2,4
351,6,270.79,9,40.0,60141.26,7,7,3,5,1,3,1543,0.084,3,6,6,4,6,6,1,1,6,6,1,1,1,4,2
352,4,420.85,8,68.0,46793.58,3,1,5,6,3,1,715,0.149,2,3,5,2,4,1,2,4,2,2,6,4,3,6,5
353,6,399.8,12,20.0,73976.57,6,4,5,5,2,4,1354,0.141,1,6,5,3,3,4,3,1,6,7,2,4,3,2,7
354,3,42.05,12,59.0,68419.46,3,2,6,1,1,2,634,0.187,6,5,1,2,5,7,6,4,3,5,4,4,5,5,4
355,6,78.95,14,51.0,69840.38,6,4,5,5,4,3,1404,0.073,5,4,4,6,7,2,4,2,2,5,3,6,5,2,4
356,1,38.66,10,49.0,49479.3,5,7,7,1,5,2,1652,0.163,6,3,2,4,6,5,2,7,1,2,4,5,2,5,1
357,3,125.29,12,62.0,16933.14,1,5,7,5,5,5,909,0.135,3,3,7,7,1,5,1,4,6,6,6,7,6,2,5
358,1,205.49,7,68.0,81943.05,6,7,1,6,3,1,1945,0.091,4,7,4,2,4,1,2,6,6,7,6,4,2,7,1
359,5,224.2,8,66.0,50423.25,5,4,6,6,6,4,1817,0.121,2,3,4,6,6,3,5,6,4,5,7,5,2,4,1
360,2,46.95,8,38.0,42744.48,4,6,2,1,1,5,1769,0.1,1,7,4,2,1,3,6,5,3,4,5,3,5,1,7
361,6,13.26,12,63.0,73869.58,5,1,4,4,4,5,2224,0.137,2,1,7,2,3,6,1,7,2,6,7,1,7,7,3
362,2,123.52,12,61.0,52159.75,2,1,1,6,1,6,2079,0.183,4,7,1,3,2,1,4,7,7,7,2,1,7,4,1
363,2,291.62,18,38.0,81198.73,6,4,2,4,5,5,585,0.135,1,4,7,1,6,6,1,1,1,5,1,2,7,5,2
364,6,309.04,6,61.0,72340.12,5,1,2,3,1,1,1055,0.145,4,6,1,5,4,6,6,3,4,5,4,3,6,6,4
365,3,370.58,9,28.0,73671.39,3,6,6,1,4,3,2365,0.128,2,7,7,2,1,5,4,5,3,2,2,7,5,6,7
366,5,196.77,12,56.0,32680.89,4,7,3,7,6,1,1898,0.058,3,3,2,2,1,6,6,6,6,7,1,4,1,3,1
367,1,282.82,5,21.0,84238.88,7,1,3,6,3,3,1969,0.085,7,4,4,2,6,7,4,6,1,4,4,4,4,4,6
368,4,300.99,5,68.0,65225.01,6,4,1,2,2,5,877,0.124,2,7,1,1,1,6,3,1,2,6,2,7,4,2,2
369,1,150.31,14,18.0,52614.46,2,3,3,3,1,5,1913,0.097,2,7,7,6,2,5,7,6,7,3,3,6,1,1,5
370,4,238.78,6,45.0,62867.77,7,3,2,4,2,4,2180,0.077,2,3,2,7,1,7,3,6,5,1,4,3,7,2,4
371,1,265.87,13,41.0,24475.3,5,2,3,6,5,3,1574,0.126,5,5,7,7,7,3,2,1,5,4,2,4,4,2,7
372,6,109.08,14,52.0,68173.06,7,1,5,1,3,5,741,0.098,4,5,6,4,5,2,2,6,3,3,6,2,6,4,6
373,5,364.21,7,30.0,39412.57,7,7,3,7,7,6,1817,0.089,4,7,2,3,7,4,4,3,7,4,1,5,5,1,7
374,4,196.12,11,64.0,32946.59,4,4,2,5,3,2,1419,0.12,6,5,4,1,5,6,1,2,1,7,2,1,4,3,7
375,7,208.7,11,51.0,29552.82,7,1,6,7,1,4,2086,0.07,4,2,3,6,1,7,7,5,4,3,3,3,6,7,6
376,3,105.27,9,28.0,82253.77,7,5,1,2,6,1,765,0.189,6,3,4,2,6,2,5,3,1,7,7,1,5,2,5
377,1,122.06,10,53.0,47414.73,6,6,4,4,3,4,1643,0.18,5,2,3,6,5,5,5,3,7,3,4,5,6,1,6
378,1,19.65,10,68.0,90674.55,4,1,3,3,1,2,1211,0.156,3,4,2,1,4,2,1,2,6,4,4,3,1,3,2
379,4,205.52,6,34.0,49283.97,2,1,7,7,1,3,2440,0.066,6,2,6,1,5,4,1,7,5,2,4,5,2,7,7
380,3,450.57,11,52.0,25852.84,5,3,7,1,2,1,1771,0.166,2,4,6,1,7,2,3,5,3,4,3,4,1,2,5
381,3,98.14,7,35.0,37669.51,4,6,2,2,3,1,569,0.171,3,7,1,4,1,7,5,3,2,7,1,7,4,1,7
382,6,497.62,12,57.0,84716.23,4,4,4,1,1,3,2376,0.165,7,4,6,5,6,2,4,6,1,4,4,4,5,7,6
383,7,341.43,6,39.0,56882.04,1,1,4,6,2,7,556,0.067,5,4,5,3,3,2,6,2,5,3,1,7,6,4,5
384,6,152.64,6,41.0,49034.25,4,3,5,5,4,7,1905,0.147,4,6,2,4,6,2,2,7,4,1,2,4,4,6,5
385,6,202.73,9,36.0,63200.36,1,2,4,3,7,4,538,0.175,6,2,1,4,6,1,6,5,3,3,6,5,4,6,1
386,6,186.49,14,54.0,70035.65,5,6,7,1,2,5,1300,0.137,2,6,6,5,6,6,3,4,2,5,6,5,2,2,1
387,6,370.62,12,56.0,82347.98,7,3,6,4,2,7,1966,0.147,1,7,2,4,4,5,5,1,1,4,1,5,7,2,1
388,6,251.7,7,38.0,88969.98,6,3,2,6,1,4,1541,0.119,7,3,4,1,2,4,7,6,4,6,1,1,4,7,6
389,5,318.2,11,25.0,52804.63,6,7,2,6,5,7,2475,0.129,1,2,6,1,7,5,1,2,2,4,6,5,2,1,4
390,3,235.82,11,45.0,33479.05,5,3,3,3,5,2,1231,0.055,3,3,7,6,1,1,7,1,6,2,4,4,5,6,2
391,6,188.8,12,22.0,51730.7,5,7,3,6,6,6,1324,0.146,4,3,3,2,2,1,7,7,5,7,5,2,5,2,6
392,3,232.64,13,34.0,65205.61,3,1,3,4,5,5,1255,0.062,1,4,2,4,3,7,5,7,6,6,5,5,6,3,7
393,3,159.31,9,54.0,40724.82,7,1,7,1,2,4,851,0.115,3,2,1,2,2,1,4,4,5,3,3,2,7,2,1
394,2,54.78,12,53.0,40856.98,5,2,7,3,6,6,2495,0.094,5,3,4,3,1,6,3,3,4,2,7,7,2,6,5
395,5,281.37,9,36.0,66875.76,4,5,7,6,1,6,2339,0.132,3,5,5,7,7,1,1,3,6,4,6,4,1,5,6
396,6,49.88,12,44.0,59026.95,6,5,7,6,3,7,1821,0.07,7,3,4,1,7,2,6,5,5,3,6,5,5,6,5
397,1,173.12,6,51.0,60655.94,2,5,7,4,7,3,782,0.154,3,5,6,6,1,5,4,2,3,3,3,1,7,3,7
398,4,156.01,10,28.0,44830.09,6,7,7,5,7,2,2109,0.169,7,2,3,3,3,3,6,2,4,5,5,1,6,1,5
399,7,264.34,12,62.0,55391.99,1,6,6,5,2,2,609,0.075,3,7,4,6,1,4,2,7,5,5,2,7,1,3,5
400,1,356.47,17,64.0,41515.34,6,6,7,7,2,2,1516,0.066,2,6,5,7,3,1,3,5,1,1,4,2,5,5,3
401,5,320.5,6,29.0,77803.97,3,2,4,6,6,5,1703,0.072,3,2,7,7,3,5,4,1,5,5,4,6,5,5,4
402,4,267.24,11,38.0,80704.99,7,6,4,1,1,1,2461,0.182,6,6,1,5,1,7,4,3,6,7,2,1,6,2,2
403,5,137.01,13,28.0,23076.24,5,5,5,3,4,5,1043,0.129,3,6,2,1,5,1,6,3,3,6,2,1,6,2,2
404,3,181.65,14,56.0,41409.78,7,5,6,6,2,4,2269,0.12,2,2,3,3,7,6,1,7,2,3,5,1,3,6,1
405,4,167.07,9,45.0,30069.41,5,3,3,2,4,6,2317,0.066,2,3,5,5,3,1,2,2,2,5,3,4,4,4,3
406,3,152.97,10,22.0,46999.52,6,6,1,3,4,6,524,0.147,5,1,6,7,1,1,6,7,5,1,2,1,4,3,6
407,1,159.75,16,34.0,58331.24,2,1,7,7,5,1,1342,0.18,7,3,6,3,5,1,4,2,2,4,3,3,1,6,6
408,1,157.09,11,37.0,31007.1,2,1,5,5,1,4,1290,0.174,4,3,6,6,7,7,3,5,5,6,7,5,4,4,2
409,4,152.66,13,58.0,41562.8,3,3,1,6,7,1,1237,0.144,1,7,3,5,3,1,4,4,3,5,1,7,1,6,4
410,4,295.19,3,63.0,39920.85,1,3,4,4,7,6,556,0.061,1,4,4,5,7,4,5,1,2,3,4,1,7,5,5
411,6,94.54,6,29.0,64145.35,6,3,5,2,4,7,679,0.067,3,4,3,1,5,5,3,6,6,4,5,6,5,2,7
412,5,127.05,15,23.0,61386.89,5,1,5,6,7,5,731,0.057,5,3,6,2,7,6,3,4,6,7,4,6,3,2,1
413,6,41.66,3,34.0,45565.25,6,5,2,7,1,2,2417,0.089,3,5,7,6,4,1,4,4,1,3,5,1,3,6,4
414,5,341.55,8,68.0,63536.42,3,3,4,1,5,6,842,0.07,1,7,5,6,6,1,1,2,5,4,1,1,5,2,2
415,6,120.35,9,36.0,49066.4,4,2,4,2,1,3,976,0.089,7,6,2,5,4,1,3,2,2,7,4,3,6,1,3
416,3,266.08,14,43.0,54566.9,4,7,6,7,2,2,2322,0.108,7,4,2,5,5,1,5,2,6,7,1,1,2,6,1
417,4,247.53,11,65.0,93469.04,3,3,5,6,4,6,1075,0.191,7,3,3,1,3,2,6,4,7,6,5,1,2,5,2
418,1,331.88,8,61.0,86809.22,5,7,7,1,1,5,954,0.142,2,7,6,2,1,2,1,7,3,3,2,5,4,7,6
419,5,179.0,5,61.0,34008.38,7,4,4,2,7,1,1755,0.175,4,1,1,6,2,3,1,1,3,5,7,6,6,6,1
420,5,105.25,12,69.0,76594.65,3,3,5,1,3,7,788,0.157,5,5,7,7,1,1,1,7,7,5,4,3,1,6,2
421,1,44.43,6,49.0,76227.93,5,1,6,1,1,7,1736,0.067,2,2,3,4,7,3,3,2,7,1,1,6,7,2,6
422,6,78.46,9,23.0,37034.73,2,6,7,2,4,2,757,0.16,4,3,6,4,2,4,1,3,1,4,6,3,3,5,7
423,5,216.14,13,53.0,76375.55,3,3,6,2,5,5,1029,0.091,5,7,4,2,2,3,4,7,3,1,4,6,4,6,6
424,7,277.55,6,55.0,90758.64,5,6,2,1,7,7,1186,0.146,5,3,2,3,7,5,1,1,3,2,4,1,5,2,5
425,3,247.17,7,28.0,37549.1,3,4,7,7,5,7,1428,0.101,1,6,2,1,7,2,5,3,2,5,4,6,6,3,3
426,4,47.02,19,50.0,41649.94,3,2,5,5,4,4,728,0.2,2,5,7,2,3,2,2,1,5,4,3,6,3,5,5
427,1,303.88,9,41.0,80353.23,7,6,4,2,7,3,1749,0.09,5,4,2,4,5,1,5,2,4,6,1,3,1,4,2
428,4,130.18,12,40.0,65429.91,7,7,4,6,2,2,1095,0.092,6,4,1,5,1,1,3,7,3,1,1,7,1,1,7
429,7,109.31,9,32.0,71029.53,5,5,5,3,7,1,2326,0.19,7,4,6,4,5,4,1,6,3,6,4,2,2,4,4
430,5,127.94,13,44.0,66811.78,5,3,5,4,2,7,934,0.054,5,2,6,5,4,6,1,5,4,6,2,3,4,7,7
431,5,207.84,11,28.0,67813.92,1,4,5,1,5,4,1381,0.155,4,7,7,1,3,4,4,2,3,6,4,3,5,5,7
432,7,51.53,14,68.0,33470.56,3,4,3,1,5,5,1520,0.159,1,5,6,5,3,5,6,4,2,1,3,3,3,6,7
433,1,196.3,6,67.0,80946.35,4,6,7,4,4,7,2281,0.175,3,5,7,2,4,1,1,6,2,2,5,4,7,2,5
434,3,242.94,7,34.0,83391.8,3,2,4,5,2,3,901,0.196,7,4,6,5,1,1,7,4,4,7,3,7,1,7,4
435,2,310.73,14,68.0,55412.19,3,1,7,4,5,1,1121,0.196,1,4,1,3,6,4,5,1,6,7,2,4,3,5,6
436,1,217.6,12,31.0,59130.46,5,3,6,2,2,5,2289,0.06,3,6,5,2,4,4,3,4,3,1,4,4,5,1,2
437,2,66.04,13,44.0,29377.85,3,4,4,4,5,5,587,0.173,2,1,3,1,1,4,2,6,6,7,1,3,3,5,3
438,7,214.89,13,35.0,70285.1,6,2,3,1,7,2,1083,0.147,2,1,3,2,2,2,1,6,3,3,7,2,4,7,4
439,6,93.97,8,45.0,71441.15,3,5,5,4,1,7,2416,0.147,5,3,6,3,7,3,2,2,5,7,6,3,2,2,2
440,2,88.21,10,68.0,58756.18,6,4,2,3,3,2,2065,0.069,6,3,4,1,3,3,1,3,3,5,4,1,3,4,4
441,3,63.73,13,64.0,82487.07,7,2,5,6,7,1,2207,0.148,2,5,2,4,1,1,3,2,2,1,2,2,6,3,5
442,6,8.87,6,64.0,53318.46,4,1,5,2,6,7,808,0.197,5,5,1,3,5,2,6,1,1,7,1,4,2,4,2
443,2,143.28,6,21.0,71292.12,5,1,3,4,1,6,1405,0.187,7,2,4,1,7,4,5,4,7,1,3,6,5,2,5
444,7,312.89,17,24.0,39606.71,3,4,7,1,6,7,842,0.116,1,2,4,7,5,1,3,3,1,2,5,6,2,7,1
445,6,425.65,12,62.0,59528.96,6,7,4,7,5,6,935,0.056,2,1,6,5,7,2,2,7,1,3,5,7,3,2,2
446,7,142.64,10,52.0,56512.91,6,4,5,6,3,5,676,0.104,1,3,1,2,3,5,1,5,1,1,7,5,3,1,4
447,2,308.61,8,65.0,64506.16,7,6,4,2,3,2,638,0.174,1,1,3,1,4,6,2,6,7,5,4,7,6,5,1
448,7,160.54,9,26.0,52609.46,6,3,1,1,5,3,693,0.155,6,1,2,2,6,2,5,3,6,7,3,2,1,5,5
449,3,34.93,9,25.0,57370.55,2,2,6,5,5,7,1709,0.119,2,3,3,5,4,7,7,7,7,5,7,4,6,4,5
450,2,270.09,9,69.0,76520.94,1,4,7,3,2,3,1741,0.058,1,7,4,1,1,1,3,3,6,7,6,2,3,7,4
451,2,223.48,9,62.0,51264.72,4,3,4,5,5,7,1687,0.114,6,2,2,4,4,3,2,2,7,1,6,2,7,3,1
452,2,381.8,7,34.0,27868.46,7,6,2,3,4,5,1684,0.12,6,6,5,7,3,7,2,7,7,6,7,6,2,3,7
453,1,46.53,9,34.0,94991.68,7,3,6,4,5,2,1442,0.189,2,6,4,7,1,4,5,5,3,7,2,3,6,1,6
454,1,479.6,8,66.0,87629.08,3,4,2,2,4,1,1024,0.146,6,6,3,3,2,6,7,6,6,6,5,1,6,2,3
455,1,359.17,11,50.0,34154.75,2,1,5,4,5,1,2331,0.097,2,3,3,1,4,5,1,1,3,3,3,5,7,1,4
456,3,198.21,15,49.0,73794.16,3,2,6,3,2,1,2124,0.129,2,4,6,5,4,6,7,1,5,5,4,4,7,5,5
457,6,170.14,9,25.0,49940.5,3,2,4,3,4,7,2359,0.06,3,4,3,1,6,6,2,3,3,6,1,2,7,6,2
458,7,128.42,6,36.0,65269.74,5,1,6,3,1,7,1565,0.196,1,4,1,2,1,2,5,7,1,5,4,5,1,6,1
459,5,210.97,9,55.0,65884.48,5,7,5,6,4,3,1414,0.104,4,5,4,6,5,1,1,3,4,7,4,2,3,6,6
460,2,181.61,6,20.0,55311.84,5,4,3,1,7,2,709,0.122,2,2,7,1,4,1,7,4,4,7,3,6,3,2,3
461,7,251.38,11,22.0,44324.69,2,2,7,2,2,7,1240,0.103,1,2,7,7,3,6,7,5,2,3,5,1,5,1,2
462,2,170.56,9,30.0,46189.18,3,4,2,4,6,2,1361,0.152,7,7,2,7,4,4,7,6,2,7,3,6,1,7,1
463,3,341.5,13,64.0,41676.16,1,6,5,4,4,3,1798,0.149,6,7,3,7,6,1,6,3,3,3,1,5,5,4,6
464,2,212.5,14,63.0,43363.56,4,4,3,5,7,7,1453,0.157,5,5,6,4,2,6,1,4,7,6,7,4,5,5,4
465,1,174.32,12,48.0,58656.43,5,3,6,3,7,1,1802,0.09,2,1,6,1,6,1,7,7,7,7,3,2,5,6,6
466,5,302.43,6,33.0,45684.8,5,1,6,7,7,1,1774,0.097,6,7,3,3,4,4,6,5,4,1,2,1,4,7,4
467,4,37.75,6,67.0,73641.04,7,7,5,3,5,5,1833,0.069,6,6,1,1,5,5,3,6,1,4,4,6,5,3,7
468,2,234.1,5,49.0,89744.92,3,4,4,3,7,6,2243,0.148,6,4,6,6,7,7,5,1,6,2,5,5,6,1,1
469,7,202.56,13,39.0,48398.94,3,7,6,7,5,4,1332,0.056,6,6,7,7,4,6,7,4,1,4,6,6,2,5,6
470,1,58.91,8,46.0,64788.09,2,7,4,4,6,6,639,0.14,6,4,2,2,1,3,1,7,1,4,1,2,6,5,3
471,4,29.15,15,39.0,69993.7,2,6,4,5,2,7,1291,0.18,2,6,4,7,4,3,6,5,3,5,6,2,6,3,6
472,5,301.03,15,60.0,69440.05,5,5,7,1,3,2,1045,0.184,7,1,5,1,5,6,6,4,3,3,4,4,3,3,1
473,4,296.28,8,20.0,61519.11,3,1,4,7,5,7,2344,0.117,4,6,1,4,1,2,3,3,5,5,3,1,4,3,2
474,1,217.26,10,27.0,74853.65,1,7,1,6,7,2,1516,0.119,3,6,6,5,3,5,4,2,1,6,6,3,5,6,2
475,6,371.67,5,59.0,69644.98,4,2,7,2,7,2,2427,0.062,6,3,4,1,1,2,5,1,7,2,2,6,3,6,6
476,6,244.1,12,38.0,35246.75,3,3,3,7,1,6,2053,0.151,6,6,5,1,6,7,4,3,7,6,3,2,1,1,6
477,4,324.98,7,33.0,77383.12,7,2,3,1,7,4,556,0.173,3,3,3,3,2,3,1,3,1,1,4,5,1,3,4
478,3,242.03,9,29.0,77745.82,3,6,6,4,2,5,611,0.087,7,2,3,4,6,4,5,7,3,2,6,6,3,4,1
479,7,172.42,12,19.0,44734.28,6,6,6,6,4,6,504,0.113,7,5,2,6,7,6,3,7,3,5,7,4,2,5,4
480,7,94.25,14,58.0,60758.76,2,2,4,6,4,4,1933,0.176,2,6,5,5,1,7,1,5,5,7,1,4,3,3,3
481,4,139.66,5,41.0,73666.58,7,1,7,6,7,1,1937,0.182,1,2,3,7,3,1,5,7,5,7,6,2,3,5,7
482,2,174.29,6,52.0,55813.72,4,2,7,3,1,1,1705,0.086,5,7,3,2,4,3,5,4,2,5,7,2,4,2,2
483,2,336.32,4,47.0,81459.56,5,4,1,2,5,2,1536,0.133,5,7,7,1,1,5,4,1,4,6,7,2,1,7,5
484,7,276.99,14,47.0,107277.45,7,2,4,4,2,3,1862,0.079,1,3,6,6,6,3,1,3,1,5,6,7,1,2,5
485,7,233.03,9,64.0,44280.28,3,3,1,4,1,7,2320,0.065,2,6,2,5,1,5,3,5,7,5,5,3,5,3,1
486,6,287.0,13,52.0,32379.11,5,3,4,6,5,7,1782,0.187,5,6,4,2,1,5,3,1,1,4,6,2,6,5,1
487,3,252.74,7,36.0,66076.37,3,5,2,4,2,2,589,0.173,7,1,3,6,1,6,1,7,5,1,4,6,3,7,5
488,1,226.19,11,67.0,74431.25,5,3,2,2,7,3,1115,0.164,3,2,7,4,3,5,1,7,5,7,7,6,3,2,1
489,2,50.13,9,25.0,55382.67,4,2,5,2,4,4,1390,0.057,1,4,1,4,5,2,6,4,2,4,1,7,2,3,2
490,7,313.92,7,,89065.21,2,3,4,5,2,1,1197,0.177,7,4,1,5,5,7,2,7,4,5,4,7,7,5,3
491,6,154.15,6,66.0,33227.88,4,1,7,7,7,7,1773,0.116,4,1,4,7,1,4,4,3,2,3,2,1,7,3,3
492,5,308.85,13,57.0,73858.37,6,7,6,7,6,6,1778,0.101,2,3,5,2,3,3,1,6,7,4,3,5,1,6,4
493,6,318.52,6,24.0,47882.78,1,3,3,5,3,3,2111,0.132,1,4,2,4,3,4,1,3,4,5,6,2,2,5,2
494,2,133.0,11,47.0,94387.56,2,4,5,1,2,4,1397,0.064,5,4,7,5,7,7,2,3,6,7,5,6,4,2,7
495,2,294.97,10,24.0,99850.31,4,1,6,7,3,1,1470,0.163,2,7,6,4,1,1,2,7,1,5,1,7,5,3,1
496,6,163.9,9,20.0,44666.87,6,5,2,2,2,6,1631,0.137,3,7,7,4,6,7,5,1,2,1,5,6,2,2,1
497,1,164.5,6,18.0,49008.86,1,4,4,2,3,3,1167,0.078,2,5,1,6,6,3,7,7,5,6,5,6,1,3,7
498,4,225.75,8,53.0,,6,2,5,7,6,2,1093,0.078,2,2,1,6,2,4,3,1,2,2,5,7,4,1,4
499,2,228.45,11,42.0,52257.39,3,7,4,2,4,2,1088,0.078,3,3,4,4,1,4,4,1,6,4,6,3,3,2,4
500,6,203.86,13,54.0,59091.78,3,2,2,5,5,2,984,0.059,6,6,5,3,2,6,5,1,2,4,1,7,4,2,1
